country,country_name,,,,,,,
ABW,Aruba,,,,,,,
AFG,Afghanistan,,,,,,,
AGO,Angola,,,,,,,
AIA,Anguilla,,,,,,,
ALA,Åland_Islands,,,,,,,
ALB,Albania,,,,,,,
AND,Andorra,,,,,,,
ANT,Netherlands_Antilles,,,,,,,
ARE,United_Arab_Emirates,,,,,,,
ARG,Argentina,,,,,,,
ARM,Aruba,,,,,,,
ASM,American_Samoa,,,,,,,
ATA,Antarctica,,,,,,,
ATF,French_Southern_Territories,,,,,,,
ATG,Antigua_and_Barbuda,,,,,,,
AUS,Australia,,,,,,,
AUT,Austria,,,,,,,
AZE,Azerbaijan,,,,,,,
BDI,Burundi,,,,,,,
BEL,Belgium,,,,,,,
BEN,Benin,,,,,,,
BFA,Burkina_Faso,,,,,,,
BGD,Bangladesh,,,,,,,
BGR,Bulgaria,,,,,,,
BHR,Bahrain,,,,,,,
BHS,Bahamas,,,,,,,
BIH,Bosnia_and_Herzegovina,,,,,,,
BLM,Saint_Barthélemy,,,,,,,
BLR,Belarus,,,,,,,
BLZ,Belize,,,,,,,
BMU,Bermuda,,,,,,,
BOL,"Bolivia,_Plurinational_State_of",,,,,,,
BRA,Brazil,,,,,,,
BRB,Barbados,,,,,,,
BRN,Brunei_Darussalam,,,,,,,
BTN,Bhutan,,,,,,,
BVT,Bouvet_Island,,,,,,,
BWA,Botswana,,,,,,,
CAF,Central_African_Republic,,,,,,,
CAN,Canada,,,,,,,
CCK,Cocos_(Keeling)_Islands,,,,,,,
CHE,Switzerland,,,,,,,
CHL,Chile,,,,,,,
CHN,China,,,,,,,
CIV,Côte_d'Ivoire,,,,,,,
CMR,Cameroon,,,,,,,
COD,"Congo,_the_Democratic_Republic_of_the",,,,,,,
COG,Congo,,,,,,,
COK,Cook_Islands,,,,,,,
COL,Colombia,,,,,,,
COM,Comoros,,,,,,,
CPV,Cape_Verde,,,,,,,
CRI,Costa_Rica,,,,,,,
CUB,Cuba,,,,,,,
CXR,Christmas_Island,,,,,,,
CYM,Cayman_Islands,,,,,,,
CYP,Cyprus,,,,,,,
CZE,Czech_Republic,,,,,,,
DEU,Germany,,,,,,,
DJI,Djibouti,,,,,,,
DMA,Dominica,,,,,,,
DNK,Denmark,,,,,,,
DOM,Dominican_Republic,,,,,,,
DZA,Algeria,,,,,,,
ECU,Ecuador,,,,,,,
EGY,Egypt,,,,,,,
ERI,Eritrea,,,,,,,
ESH,Western_Sahara,,,,,,,
ESP,Spain,,,,,,,
EST,Estonia,,,,,,,
ETH,Ethiopia,,,,,,,
FIN,Finland,,,,,,,
FJI,Fiji,,,,,,,
FLK,Falkland_Islands_(Malvinas),,,,,,,
FRA,France,,,,,,,
FRO,Faroe_Islands,,,,,,,
FSM,"Micronesia,_Federated_States_of",,,,,,,
GAB,Gabon,,,,,,,
GBR,United_Kingdom,,,,,,,
GEO,Georgia,,,,,,,
GGY,Guernsey,,,,,,,
GHA,Ghana,,,,,,,
GIB,Gibraltar,,,,,,,
GIN,Guinea,,,,,,,
GLP,Guadeloupe,,,,,,,
GMB,Gambia,,,,,,,
GNB,Guinea-Bissau,,,,,,,
GNQ,Equatorial_Guinea,,,,,,,
GRC,Greece,,,,,,,
GRD,Grenada,,,,,,,
GRL,Greenland,,,,,,,
GTM,Guatemala,,,,,,,
GUF,French_Guiana,,,,,,,
GUM,Guam,,,,,,,
GUY,Guyana,,,,,,,
HKG,Hong_Kong,,,,,,,
HMD,Heard_Island_and_McDonald_Islands,,,,,,,
HND,Honduras,,,,,,,
HRV,Croatia,,,,,,,
HTI,Haiti,,,,,,,
HUN,Hungary,,,,,,,
IDN,Indonesia,,,,,,,
IMN,Isle_of_Man,,,,,,,
IND,India,,,,,,,
IOT,British_Indian_Ocean_Territory,,,,,,,
IRL,Ireland,,,,,,,
IRN,"Iran,_Islamic_Republic_of",,,,,,,
IRQ,Iraq,,,,,,,
ISL,Iceland,,,,,,,
ISR,Israel,,,,,,,
ITA,Italy,,,,,,,
JAM,Jamaica,,,,,,,
JEY,Jersey,,,,,,,
JOR,Jordan,,,,,,,
JPN,Japan,,,,,,,
KAZ,Kazakhstan,,,,,,,
KEN,Kenya,,,,,,,
KGZ,Kyrgyzstan,,,,,,,
KHM,Cambodia,,,,,,,
KIR,Kiribati,,,,,,,
KNA,Saint_Kitts_and_Nevis,,,,,,,
KOR,"Korea,_Republic_of",,,,,,,
KWT,Kuwait,,,,,,,
LAO,Lao_People's_Democratic_Republic,,,,,,,
LBN,Lebanon,,,,,,,
LBR,Liberia,,,,,,,
LBY,Libyan_Arab_Jamahiriya,,,,,,,
LCA,Saint_Lucia,,,,,,,
LIE,Liechtenstein,,,,,,,
LKA,Sri,,,,,,,
LSO,Lesotho,,,,,,,
LTU,Lithuania,,,,,,,
LUX,Luxembourg,,,,,,,
LVA,Latvia,,,,,,,
MAC,Macao,,,,,,,
MAF,Saint_Martin_(French_part),,,,,,,
MAR,Morocco,,,,,,,
MCO,Monaco,,,,,,,
MDA,"Moldova,_Republic_of",,,,,,,
MDG,Madagascar,,,,,,,
MDV,Maldives,,,,,,,
MEX,Mexico,,,,,,,
MHL,Marshall_Islands,,,,,,,
MKD,"Macedonia,_the_former_Yugoslav_Republic_of",,,,,,,
MLI,Mali,,,,,,,
MLT,Malta,,,,,,,
MMR,Myanmar,,,,,,,
MNE,Montenegro,,,,,,,
MNG,Mongolia,,,,,,,
MNP,Northern_Mariana_Islands,,,,,,,
MOZ,Mozambique,,,,,,,
MRT,Mauritania,,,,,,,
MSR,Montserrat,,,,,,,
MTQ,Martinique,,,,,,,
MUS,Mauritius,,,,,,,
MWI,Malawi,,,,,,,
MYS,Malaysia,,,,,,,
MYT,Mayotte,,,,,,,
NAM,Namibia,,,,,,,
NCL,New_Caledonia,,,,,,,
NER,Niger,,,,,,,
NFK,Norfolk_Island,,,,,,,
NGA,Nigeria,,,,,,,
NIC,Nicaragua,,,,,,,
NIU,Niue,,,,,,,
NLD,Netherlands,,,,,,,
NOR,Norway,,,,,,,
NPL,Nepal,,,,,,,
NRU,Nauru,,,,,,,
NZL,New_Zealand,,,,,,,
OMN,Oman,,,,,,,
PAK,Pakistan,,,,,,,
PAN,Panama,,,,,,,
PCN,Pitcairn,,,,,,,
PER,Peru,,,,,,,
PHL,Philippines,,,,,,,
PLW,Palau,,,,,,,
PNG,Papua_New_Guinea,,,,,,,
POL,Poland,,,,,,,
PRI,Puerto_Rico,,,,,,,
PRK,"Korea,_Democratic_People's_Republic_of",,,,,,,
PRT,Portugal,,,,,,,
PRY,Paraguay,,,,,,,
PSE,"Palestinian_Territory,_Occupied",,,,,,,
PYF,French_Polynesia,,,,,,,
QAT,Qatar,,,,,,,
REU,Réunion,,,,,,,
ROU,Romania,,,,,,,
RUS,Russian_Federation,,,,,,,
RWA,Rwanda,,,,,,,
SAU,Saudi_Arabia,,,,,,,
SDN,Sudan,,,,,,,
SEN,Senegal,,,,,,,
SGP,Singapore,,,,,,,
SGS,South_Georgia_and_the_South_Sandwich_Islands,,,,,,,
SHN,"Saint_Helena,_Ascension_and_Tristan_da_Cunha",,,,,,,
SJM,Svalbard_and_Jan_Mayen,,,,,,,
SLB,Solomon_Islands,,,,,,,
SLE,Sierra_Leone,,,,,,,
SLV,El_Salvador,,,,,,,
SMR,San_Marino,,,,,,,
SOM,Somalia,,,,,,,
SPM,Saint_Pierre_and_Miquelon,,,,,,,
SRB,Serbia,,,,,,,
STP,Sao_Tome_and_Principe,,,,,,,
SUR,Suriname,,,,,,,
SVK,Slovakia,,,,,,,
SVN,Slovenia,,,,,,,
SWE,Sweden,,,,,,,
SWZ,Swaziland,,,,,,,
SYC,Seychelles,,,,,,,
SYR,Syrian_Arab_Republic,,,,,,,
TCA,Turks_and_Caicos_Islands,,,,,,,
TCD,Chad,,,,,,,
TGO,Togo,,,,,,,
THA,Thailand,,,,,,,
TJK,Tajikistan,,,,,,,
TKL,Tokelau,,,,,,,
TKM,Turkmenistan,,,,,,,
TLS,Timor-Leste,,,,,,,
TON,Tonga,,,,,,,
TTO,Trinidad_and_Tobago,,,,,,,
TUN,Tunisia,,,,,,,
TUR,Turkey,,,,,,,
TUV,Tuvalu,,,,,,,
TWN,"Taiwan,_Province_of_China",,,,,,,
TZA,"Tanzania,_United_Republic_of",,,,,,,
UGA,Uganda,,,,,,,
UKR,Ukraine,,,,,,,
UMI,United_States_Minor_Outlying_Islands,,,,,,,
URY,Uruguay,,,,,,,
USA,United_States,,,,,,,
UZB,Uzbekistan,,,,,,,
VAT,Holy_See_(Vatican_City_State),,,,,,,
VCT,Saint_Vincent_and_the_Grenadines,,,,,,,
VEN,"Venezuela,_Bolivarian_Republic_of",,,,,,,
VGB,"Virgin_Islands,_British",,,,,,,
VIR,"Virgin_Islands,_U.S.",,,,,,,
VNM,Viet_Nam,,,,,,,
VUT,Vanuatu,,,,,,,
WLF,Wallis_and_Futuna,,,,,,,
WSM,Samoa,,,,,,,
YEM,Yemen,,,,,,,
ZAF,South_Africa,,,,,,,
ZMB,Zambia,,,,,,,
ZWE,Zimbabwe,,,,,,,